/home/enrico/Projects/prolog_planner/python_interface/../exps/multi-steps/blocks_world/1/4o/kb/kb_ll.pl,0.6546339988708496
/home/enrico/Projects/prolog_planner/python_interface/../exps/multi-steps/blocks_world/1/4o/kb/kb_ll.pl,0.6842739582061768
/home/enrico/Projects/prolog_planner/python_interface/../exps/multi-steps/blocks_world/1/4o/kb/kb_ll.pl,0.681541919708252
/home/enrico/Projects/prolog_planner/python_interface/../exps/multi-steps/blocks_world/1/4o/kb/kb_ll.pl,0.6693449020385742
/home/enrico/Projects/prolog_planner/python_interface/../exps/multi-steps/blocks_world/1/4o/kb/kb_ll.pl,0.6387782096862793
/home/enrico/Projects/prolog_planner/python_interface/../exps/multi-steps/blocks_world/1/4o/kb/kb_ll.pl,0.6094067096710205
/home/enrico/Projects/prolog_planner/python_interface/../exps/multi-steps/blocks_world/1/4o/kb/kb_ll.pl,0.6412057876586914
/home/enrico/Projects/prolog_planner/python_interface/../exps/multi-steps/blocks_world/1/4o/kb/kb_ll.pl,0.5230586528778076
/home/enrico/Projects/prolog_planner/python_interface/../exps/multi-steps/blocks_world/1/4o/kb/kb_ll.pl,0.5874722003936768
/home/enrico/Projects/prolog_planner/python_interface/../exps/multi-steps/blocks_world/1/4o/kb/kb_ll.pl,0.6751236915588379
/home/enrico/Projects/prolog_planner/python_interface/../exps/multi-steps/blocks_world/1/4o/kb/kb_ll.pl,0.6394593715667725
/home/enrico/Projects/prolog_planner/python_interface/../exps/multi-steps/blocks_world/1/4o/kb/kb_ll.pl,0.5846750736236572
/home/enrico/Projects/prolog_planner/python_interface/../exps/multi-steps/blocks_world/1/4o/kb/kb_ll.pl,0.5502727031707764
/home/enrico/Projects/prolog_planner/python_interface/../exps/multi-steps/blocks_world/1/4o/kb/kb_ll.pl,0.5740749835968018
/home/enrico/Projects/prolog_planner/python_interface/../exps/multi-steps/blocks_world/1/4o/kb/kb_ll.pl,0.44901371002197266
/home/enrico/Projects/prolog_planner/python_interface/../exps/multi-steps/blocks_world/1/4o/kb/kb_ll.pl,0.6388697624206543
/home/enrico/Projects/prolog_planner/python_interface/../exps/multi-steps/blocks_world/1/4o/kb/kb_ll.pl,0.4754829406738281
/home/enrico/Projects/prolog_planner/python_interface/../exps/multi-steps/blocks_world/1/4o/kb/kb_ll.pl,0.5968940258026123
/home/enrico/Projects/prolog_planner/python_interface/../exps/multi-steps/blocks_world/1/4o/kb/kb_ll.pl,0.5599853992462158
/home/enrico/Projects/prolog_planner/python_interface/../exps/multi-steps/blocks_world/1/4o/kb/kb_ll.pl,0.5433027744293213
/home/enrico/Projects/prolog_planner/python_interface/../exps/multi-steps/blocks_world/1/4o/kb/kb_ll.pl,0.5703902244567871
/home/enrico/Projects/prolog_planner/python_interface/../exps/multi-steps/blocks_world/1/4o/kb/kb_ll.pl,0.5478606224060059
/home/enrico/Projects/prolog_planner/python_interface/../exps/multi-steps/blocks_world/1/4o/kb/kb_ll.pl,0.5325562953948975
/home/enrico/Projects/prolog_planner/python_interface/../exps/multi-steps/blocks_world/1/4o/kb/kb_ll.pl,0.5539646148681641
/home/enrico/Projects/prolog_planner/python_interface/../exps/multi-steps/blocks_world/1/4o/kb/kb_ll.pl,0.4510219097137451
/home/enrico/Projects/prolog_planner/python_interface/../exps/multi-steps/blocks_world/1/4o/kb/kb_ll.pl,0.5526731014251709
/home/enrico/Projects/prolog_planner/python_interface/../exps/multi-steps/blocks_world/1/4o/kb/kb_ll.pl,0.5445115566253662
/home/enrico/Projects/prolog_planner/python_interface/../exps/multi-steps/blocks_world/1/4o/kb/kb_ll.pl,0.5764429569244385
/home/enrico/Projects/prolog_planner/python_interface/../exps/multi-steps/blocks_world/1/4o/kb/kb_ll.pl,0.5453307628631592
/home/enrico/Projects/prolog_planner/python_interface/../exps/multi-steps/blocks_world/1/4o/kb/kb_ll.pl,0.4530928134918213
/home/enrico/Projects/prolog_planner/python_interface/../exps/multi-steps/blocks_world/1/4o/kb/kb_ll.pl,0.5300900936126709
/home/enrico/Projects/prolog_planner/python_interface/../exps/multi-steps/blocks_world/1/4o/kb/kb_ll.pl,0.5653493404388428
/home/enrico/Projects/prolog_planner/python_interface/../exps/multi-steps/blocks_world/1/4o/kb/kb_ll.pl,0.4850349426269531
/home/enrico/Projects/prolog_planner/python_interface/../exps/multi-steps/blocks_world/1/4o/kb/kb_ll.pl,0.5473296642303467
/home/enrico/Projects/prolog_planner/python_interface/../exps/multi-steps/blocks_world/1/4o/kb/kb_ll.pl,0.5741441249847412
/home/enrico/Projects/prolog_planner/python_interface/../exps/multi-steps/blocks_world/1/4o/kb/kb_ll.pl,0.5068759918212891
/home/enrico/Projects/prolog_planner/python_interface/../exps/multi-steps/blocks_world/1/4o/kb/kb_ll.pl,0.5826778411865234
/home/enrico/Projects/prolog_planner/python_interface/../exps/multi-steps/blocks_world/1/4o/kb/kb_ll.pl,0.546323299407959
/home/enrico/Projects/prolog_planner/python_interface/../exps/multi-steps/blocks_world/1/4o/kb/kb_ll.pl,0.5232665538787842
/home/enrico/Projects/prolog_planner/python_interface/../exps/multi-steps/blocks_world/1/4o/kb/kb_ll.pl,0.49457335472106934
/home/enrico/Projects/prolog_planner/python_interface/../exps/multi-steps/blocks_world/1/4o/kb/kb_ll.pl,0.5350337028503418
/home/enrico/Projects/prolog_planner/python_interface/../exps/multi-steps/blocks_world/1/4o/kb/kb_ll.pl,0.567082405090332
/home/enrico/Projects/prolog_planner/python_interface/../exps/multi-steps/blocks_world/1/4o/kb/kb_ll.pl,0.5494658946990967
/home/enrico/Projects/prolog_planner/python_interface/../exps/multi-steps/blocks_world/1/4o/kb/kb_ll.pl,0.5784401893615723
/home/enrico/Projects/prolog_planner/python_interface/../exps/multi-steps/blocks_world/1/4o/kb/kb_ll.pl,0.4852900505065918
/home/enrico/Projects/prolog_planner/python_interface/../exps/multi-steps/blocks_world/1/4o/kb/kb_ll.pl,0.560899019241333
/home/enrico/Projects/prolog_planner/python_interface/../exps/multi-steps/blocks_world/1/4o/kb/kb_ll.pl,0.5845777988433838
/home/enrico/Projects/prolog_planner/python_interface/../exps/multi-steps/blocks_world/1/4o/kb/kb_ll.pl,0.5145297050476074
/home/enrico/Projects/prolog_planner/python_interface/../exps/multi-steps/blocks_world/1/4o/kb/kb_ll.pl,0.588308572769165
/home/enrico/Projects/prolog_planner/python_interface/../exps/multi-steps/blocks_world/1/4o/kb/kb_ll.pl,0.5154361724853516
/home/enrico/Projects/prolog_planner/python_interface/../exps/multi-steps/blocks_world/2/4o/kb/kb_ll_correct.pl,2.275099992752075
/home/enrico/Projects/prolog_planner/python_interface/../exps/multi-steps/blocks_world/2/4o/kb/kb_ll_correct.pl,2.3586513996124268
/home/enrico/Projects/prolog_planner/python_interface/../exps/multi-steps/blocks_world/2/4o/kb/kb_ll_correct.pl,2.0713951587677
/home/enrico/Projects/prolog_planner/python_interface/../exps/multi-steps/blocks_world/2/4o/kb/kb_ll_correct.pl,2.47375750541687
/home/enrico/Projects/prolog_planner/python_interface/../exps/multi-steps/blocks_world/2/4o/kb/kb_ll_correct.pl,2.4309780597686768
/home/enrico/Projects/prolog_planner/python_interface/../exps/multi-steps/blocks_world/2/4o/kb/kb_ll_correct.pl,2.4836442470550537
/home/enrico/Projects/prolog_planner/python_interface/../exps/multi-steps/blocks_world/2/4o/kb/kb_ll_correct.pl,2.443329334259033
/home/enrico/Projects/prolog_planner/python_interface/../exps/multi-steps/blocks_world/2/4o/kb/kb_ll_correct.pl,2.387638807296753
/home/enrico/Projects/prolog_planner/python_interface/../exps/multi-steps/blocks_world/2/4o/kb/kb_ll_correct.pl,2.541666269302368
/home/enrico/Projects/prolog_planner/python_interface/../exps/multi-steps/blocks_world/2/4o/kb/kb_ll_correct.pl,2.333444118499756
/home/enrico/Projects/prolog_planner/python_interface/../exps/multi-steps/blocks_world/2/4o/kb/kb_ll_correct.pl,2.3990447521209717
/home/enrico/Projects/prolog_planner/python_interface/../exps/multi-steps/blocks_world/2/4o/kb/kb_ll_correct.pl,2.291126012802124
/home/enrico/Projects/prolog_planner/python_interface/../exps/multi-steps/blocks_world/2/4o/kb/kb_ll_correct.pl,2.496788740158081
/home/enrico/Projects/prolog_planner/python_interface/../exps/multi-steps/blocks_world/2/4o/kb/kb_ll_correct.pl,2.2407522201538086
/home/enrico/Projects/prolog_planner/python_interface/../exps/multi-steps/blocks_world/2/4o/kb/kb_ll_correct.pl,2.5067996978759766
/home/enrico/Projects/prolog_planner/python_interface/../exps/multi-steps/blocks_world/2/4o/kb/kb_ll_correct.pl,2.3975400924682617
/home/enrico/Projects/prolog_planner/python_interface/../exps/multi-steps/blocks_world/2/4o/kb/kb_ll_correct.pl,2.3723247051239014
/home/enrico/Projects/prolog_planner/python_interface/../exps/multi-steps/blocks_world/2/4o/kb/kb_ll_correct.pl,2.381523847579956
/home/enrico/Projects/prolog_planner/python_interface/../exps/multi-steps/blocks_world/2/4o/kb/kb_ll_correct.pl,2.329712152481079
/home/enrico/Projects/prolog_planner/python_interface/../exps/multi-steps/blocks_world/2/4o/kb/kb_ll_correct.pl,2.4206149578094482
/home/enrico/Projects/prolog_planner/python_interface/../exps/multi-steps/blocks_world/2/4o/kb/kb_ll_correct.pl,2.3830418586730957
/home/enrico/Projects/prolog_planner/python_interface/../exps/multi-steps/blocks_world/2/4o/kb/kb_ll_correct.pl,2.3634116649627686
/home/enrico/Projects/prolog_planner/python_interface/../exps/multi-steps/blocks_world/2/4o/kb/kb_ll_correct.pl,2.3105199337005615
/home/enrico/Projects/prolog_planner/python_interface/../exps/multi-steps/blocks_world/2/4o/kb/kb_ll_correct.pl,2.240877866744995
/home/enrico/Projects/prolog_planner/python_interface/../exps/multi-steps/blocks_world/2/4o/kb/kb_ll_correct.pl,2.353062868118286
/home/enrico/Projects/prolog_planner/python_interface/../exps/multi-steps/blocks_world/2/4o/kb/kb_ll_correct.pl,2.4871315956115723
/home/enrico/Projects/prolog_planner/python_interface/../exps/multi-steps/blocks_world/2/4o/kb/kb_ll_correct.pl,2.054577589035034
/home/enrico/Projects/prolog_planner/python_interface/../exps/multi-steps/blocks_world/2/4o/kb/kb_ll_correct.pl,2.5063560009002686
/home/enrico/Projects/prolog_planner/python_interface/../exps/multi-steps/blocks_world/2/4o/kb/kb_ll_correct.pl,2.3600547313690186
/home/enrico/Projects/prolog_planner/python_interface/../exps/multi-steps/blocks_world/2/4o/kb/kb_ll_correct.pl,2.0178346633911133
/home/enrico/Projects/prolog_planner/python_interface/../exps/multi-steps/blocks_world/2/4o/kb/kb_ll_correct.pl,2.3059017658233643
/home/enrico/Projects/prolog_planner/python_interface/../exps/multi-steps/blocks_world/2/4o/kb/kb_ll_correct.pl,2.5168657302856445
/home/enrico/Projects/prolog_planner/python_interface/../exps/multi-steps/blocks_world/2/4o/kb/kb_ll_correct.pl,2.352348566055298
/home/enrico/Projects/prolog_planner/python_interface/../exps/multi-steps/blocks_world/2/4o/kb/kb_ll_correct.pl,2.319345235824585
/home/enrico/Projects/prolog_planner/python_interface/../exps/multi-steps/blocks_world/2/4o/kb/kb_ll_correct.pl,2.3420331478118896
/home/enrico/Projects/prolog_planner/python_interface/../exps/multi-steps/blocks_world/2/4o/kb/kb_ll_correct.pl,2.480114459991455
/home/enrico/Projects/prolog_planner/python_interface/../exps/multi-steps/blocks_world/2/4o/kb/kb_ll_correct.pl,2.343280792236328
/home/enrico/Projects/prolog_planner/python_interface/../exps/multi-steps/blocks_world/2/4o/kb/kb_ll_correct.pl,2.386038303375244
/home/enrico/Projects/prolog_planner/python_interface/../exps/multi-steps/blocks_world/2/4o/kb/kb_ll_correct.pl,3.265252113342285
/home/enrico/Projects/prolog_planner/python_interface/../exps/multi-steps/blocks_world/2/4o/kb/kb_ll_correct.pl,2.88423752784729
/home/enrico/Projects/prolog_planner/python_interface/../exps/multi-steps/blocks_world/2/4o/kb/kb_ll_correct.pl,3.2564237117767334
/home/enrico/Projects/prolog_planner/python_interface/../exps/multi-steps/blocks_world/2/4o/kb/kb_ll_correct.pl,3.2300257682800293
/home/enrico/Projects/prolog_planner/python_interface/../exps/multi-steps/blocks_world/2/4o/kb/kb_ll_correct.pl,2.9402613639831543
/home/enrico/Projects/prolog_planner/python_interface/../exps/multi-steps/blocks_world/2/4o/kb/kb_ll_correct.pl,2.7050318717956543
/home/enrico/Projects/prolog_planner/python_interface/../exps/multi-steps/blocks_world/2/4o/kb/kb_ll_correct.pl,2.880596160888672
/home/enrico/Projects/prolog_planner/python_interface/../exps/multi-steps/blocks_world/2/4o/kb/kb_ll_correct.pl,3.036731481552124
/home/enrico/Projects/prolog_planner/python_interface/../exps/multi-steps/blocks_world/2/4o/kb/kb_ll_correct.pl,2.946168899536133
/home/enrico/Projects/prolog_planner/python_interface/../exps/multi-steps/blocks_world/2/4o/kb/kb_ll_correct.pl,3.221442937850952
/home/enrico/Projects/prolog_planner/python_interface/../exps/multi-steps/blocks_world/2/4o/kb/kb_ll_correct.pl,2.98037052154541
/home/enrico/Projects/prolog_planner/python_interface/../exps/multi-steps/blocks_world/2/4o/kb/kb_ll_correct.pl,2.681043863296509
/home/enrico/Projects/prolog_planner/python_interface/../exps/multi-steps/blocks_world/3/4o/kb/kb_ll_correct_v1.pl,32.256409883499146
/home/enrico/Projects/prolog_planner/python_interface/../exps/multi-steps/blocks_world/3/4o/kb/kb_ll_correct_v1.pl,34.064579248428345
/home/enrico/Projects/prolog_planner/python_interface/../exps/multi-steps/blocks_world/3/4o/kb/kb_ll_correct_v1.pl,34.160720109939575
/home/enrico/Projects/prolog_planner/python_interface/../exps/multi-steps/blocks_world/3/4o/kb/kb_ll_correct_v1.pl,33.19769048690796
/home/enrico/Projects/prolog_planner/python_interface/../exps/multi-steps/blocks_world/3/4o/kb/kb_ll_correct_v1.pl,32.627498626708984
/home/enrico/Projects/prolog_planner/python_interface/../exps/multi-steps/blocks_world/3/4o/kb/kb_ll_correct_v1.pl,33.25960063934326
/home/enrico/Projects/prolog_planner/python_interface/../exps/multi-steps/blocks_world/3/4o/kb/kb_ll_correct_v1.pl,33.340216875076294
/home/enrico/Projects/prolog_planner/python_interface/../exps/multi-steps/blocks_world/3/4o/kb/kb_ll_correct_v1.pl,32.75449538230896
/home/enrico/Projects/prolog_planner/python_interface/../exps/multi-steps/blocks_world/3/4o/kb/kb_ll_correct_v1.pl,32.86021661758423
/home/enrico/Projects/prolog_planner/python_interface/../exps/multi-steps/blocks_world/3/4o/kb/kb_ll_correct_v1.pl,33.36617970466614
/home/enrico/Projects/prolog_planner/python_interface/../exps/multi-steps/blocks_world/3/4o/kb/kb_ll_correct_v1.pl,34.52958035469055
/home/enrico/Projects/prolog_planner/python_interface/../exps/multi-steps/blocks_world/3/4o/kb/kb_ll_correct_v1.pl,31.485471487045288
/home/enrico/Projects/prolog_planner/python_interface/../exps/multi-steps/blocks_world/3/4o/kb/kb_ll_correct_v1.pl,30.104835987091064
/home/enrico/Projects/prolog_planner/python_interface/../exps/multi-steps/blocks_world/3/4o/kb/kb_ll_correct_v1.pl,25.283350944519043
/home/enrico/Projects/prolog_planner/python_interface/../exps/multi-steps/blocks_world/3/4o/kb/kb_ll_correct_v1.pl,26.34182095527649
/home/enrico/Projects/prolog_planner/python_interface/../exps/multi-steps/blocks_world/3/4o/kb/kb_ll_correct_v1.pl,28.26780104637146
/home/enrico/Projects/prolog_planner/python_interface/../exps/multi-steps/blocks_world/3/4o/kb/kb_ll_correct_v1.pl,25.595516204833984
/home/enrico/Projects/prolog_planner/python_interface/../exps/multi-steps/blocks_world/3/4o/kb/kb_ll_correct_v1.pl,25.770895957946777
/home/enrico/Projects/prolog_planner/python_interface/../exps/multi-steps/blocks_world/3/4o/kb/kb_ll_correct_v1.pl,25.56498384475708
/home/enrico/Projects/prolog_planner/python_interface/../exps/multi-steps/blocks_world/3/4o/kb/kb_ll_correct_v1.pl,25.75387740135193
/home/enrico/Projects/prolog_planner/python_interface/../exps/multi-steps/blocks_world/3/4o/kb/kb_ll_correct_v1.pl,25.084876775741577
/home/enrico/Projects/prolog_planner/python_interface/../exps/multi-steps/blocks_world/3/4o/kb/kb_ll_correct_v1.pl,25.01369333267212
/home/enrico/Projects/prolog_planner/python_interface/../exps/multi-steps/blocks_world/3/4o/kb/kb_ll_correct_v1.pl,27.20719575881958
/home/enrico/Projects/prolog_planner/python_interface/../exps/multi-steps/blocks_world/3/4o/kb/kb_ll_correct_v1.pl,25.96419334411621
/home/enrico/Projects/prolog_planner/python_interface/../exps/multi-steps/blocks_world/3/4o/kb/kb_ll_correct_v1.pl,26.590460300445557
/home/enrico/Projects/prolog_planner/python_interface/../exps/multi-steps/blocks_world/3/4o/kb/kb_ll_correct_v1.pl,25.903508186340332
/home/enrico/Projects/prolog_planner/python_interface/../exps/multi-steps/blocks_world/3/4o/kb/kb_ll_correct_v1.pl,26.28789234161377
/home/enrico/Projects/prolog_planner/python_interface/../exps/multi-steps/blocks_world/3/4o/kb/kb_ll_correct_v1.pl,25.80536675453186
/home/enrico/Projects/prolog_planner/python_interface/../exps/multi-steps/blocks_world/3/4o/kb/kb_ll_correct_v1.pl,26.834841012954712
/home/enrico/Projects/prolog_planner/python_interface/../exps/multi-steps/blocks_world/3/4o/kb/kb_ll_correct_v1.pl,25.312276601791382
/home/enrico/Projects/prolog_planner/python_interface/../exps/multi-steps/blocks_world/3/4o/kb/kb_ll_correct_v1.pl,26.33220076560974
/home/enrico/Projects/prolog_planner/python_interface/../exps/multi-steps/blocks_world/3/4o/kb/kb_ll_correct_v1.pl,26.622254610061646
/home/enrico/Projects/prolog_planner/python_interface/../exps/multi-steps/blocks_world/3/4o/kb/kb_ll_correct_v1.pl,26.453067302703857
/home/enrico/Projects/prolog_planner/python_interface/../exps/multi-steps/blocks_world/3/4o/kb/kb_ll_correct_v1.pl,25.50598955154419
/home/enrico/Projects/prolog_planner/python_interface/../exps/multi-steps/blocks_world/3/4o/kb/kb_ll_correct_v1.pl,25.921745777130127
/home/enrico/Projects/prolog_planner/python_interface/../exps/multi-steps/blocks_world/3/4o/kb/kb_ll_correct_v1.pl,25.78891897201538
/home/enrico/Projects/prolog_planner/python_interface/../exps/multi-steps/blocks_world/3/4o/kb/kb_ll_correct_v1.pl,25.728505611419678
/home/enrico/Projects/prolog_planner/python_interface/../exps/multi-steps/blocks_world/3/4o/kb/kb_ll_correct_v1.pl,26.48905038833618
/home/enrico/Projects/prolog_planner/python_interface/../exps/multi-steps/blocks_world/3/4o/kb/kb_ll_correct_v1.pl,26.365952968597412
/home/enrico/Projects/prolog_planner/python_interface/../exps/multi-steps/blocks_world/3/4o/kb/kb_ll_correct_v1.pl,25.90401291847229
/home/enrico/Projects/prolog_planner/python_interface/../exps/multi-steps/blocks_world/3/4o/kb/kb_ll_correct_v1.pl,25.593546390533447
/home/enrico/Projects/prolog_planner/python_interface/../exps/multi-steps/blocks_world/3/4o/kb/kb_ll_correct_v1.pl,25.7112717628479
/home/enrico/Projects/prolog_planner/python_interface/../exps/multi-steps/blocks_world/3/4o/kb/kb_ll_correct_v1.pl,26.331466913223267
/home/enrico/Projects/prolog_planner/python_interface/../exps/multi-steps/blocks_world/3/4o/kb/kb_ll_correct_v1.pl,26.354214191436768
/home/enrico/Projects/prolog_planner/python_interface/../exps/multi-steps/blocks_world/3/4o/kb/kb_ll_correct_v1.pl,26.086278200149536
/home/enrico/Projects/prolog_planner/python_interface/../exps/multi-steps/blocks_world/3/4o/kb/kb_ll_correct_v1.pl,25.914235591888428
/home/enrico/Projects/prolog_planner/python_interface/../exps/multi-steps/blocks_world/3/4o/kb/kb_ll_correct_v1.pl,25.920851945877075
/home/enrico/Projects/prolog_planner/python_interface/../exps/multi-steps/blocks_world/3/4o/kb/kb_ll_correct_v1.pl,26.00276255607605
/home/enrico/Projects/prolog_planner/python_interface/../exps/multi-steps/blocks_world/3/4o/kb/kb_ll_correct_v1.pl,25.92090392112732
/home/enrico/Projects/prolog_planner/python_interface/../exps/multi-steps/blocks_world/3/4o/kb/kb_ll_correct_v1.pl,25.766239166259766
/home/enrico/Projects/prolog_planner/python_interface/../exps/multi-steps/blocks_world/4/4o/kb/kb_ll_correct.pl,0.45949673652648926
/home/enrico/Projects/prolog_planner/python_interface/../exps/multi-steps/blocks_world/4/4o/kb/kb_ll_correct.pl,0.5671868324279785
/home/enrico/Projects/prolog_planner/python_interface/../exps/multi-steps/blocks_world/4/4o/kb/kb_ll_correct.pl,0.5242781639099121
/home/enrico/Projects/prolog_planner/python_interface/../exps/multi-steps/blocks_world/4/4o/kb/kb_ll_correct.pl,0.4503207206726074
/home/enrico/Projects/prolog_planner/python_interface/../exps/multi-steps/blocks_world/4/4o/kb/kb_ll_correct.pl,0.46108388900756836
/home/enrico/Projects/prolog_planner/python_interface/../exps/multi-steps/blocks_world/4/4o/kb/kb_ll_correct.pl,0.43468260765075684
/home/enrico/Projects/prolog_planner/python_interface/../exps/multi-steps/blocks_world/4/4o/kb/kb_ll_correct.pl,0.42052745819091797
/home/enrico/Projects/prolog_planner/python_interface/../exps/multi-steps/blocks_world/4/4o/kb/kb_ll_correct.pl,0.4001426696777344
/home/enrico/Projects/prolog_planner/python_interface/../exps/multi-steps/blocks_world/4/4o/kb/kb_ll_correct.pl,0.4335477352142334
/home/enrico/Projects/prolog_planner/python_interface/../exps/multi-steps/blocks_world/4/4o/kb/kb_ll_correct.pl,0.4669463634490967
/home/enrico/Projects/prolog_planner/python_interface/../exps/multi-steps/blocks_world/4/4o/kb/kb_ll_correct.pl,0.38638734817504883
/home/enrico/Projects/prolog_planner/python_interface/../exps/multi-steps/blocks_world/4/4o/kb/kb_ll_correct.pl,0.4422290325164795
/home/enrico/Projects/prolog_planner/python_interface/../exps/multi-steps/blocks_world/4/4o/kb/kb_ll_correct.pl,0.4405028820037842
/home/enrico/Projects/prolog_planner/python_interface/../exps/multi-steps/blocks_world/4/4o/kb/kb_ll_correct.pl,0.3756880760192871
/home/enrico/Projects/prolog_planner/python_interface/../exps/multi-steps/blocks_world/4/4o/kb/kb_ll_correct.pl,0.4953291416168213
/home/enrico/Projects/prolog_planner/python_interface/../exps/multi-steps/blocks_world/4/4o/kb/kb_ll_correct.pl,0.4439413547515869
/home/enrico/Projects/prolog_planner/python_interface/../exps/multi-steps/blocks_world/4/4o/kb/kb_ll_correct.pl,0.48280882835388184
/home/enrico/Projects/prolog_planner/python_interface/../exps/multi-steps/blocks_world/4/4o/kb/kb_ll_correct.pl,0.4820823669433594
/home/enrico/Projects/prolog_planner/python_interface/../exps/multi-steps/blocks_world/4/4o/kb/kb_ll_correct.pl,0.493419885635376
/home/enrico/Projects/prolog_planner/python_interface/../exps/multi-steps/blocks_world/4/4o/kb/kb_ll_correct.pl,0.5648632049560547
/home/enrico/Projects/prolog_planner/python_interface/../exps/multi-steps/blocks_world/4/4o/kb/kb_ll_correct.pl,0.43316125869750977
/home/enrico/Projects/prolog_planner/python_interface/../exps/multi-steps/blocks_world/4/4o/kb/kb_ll_correct.pl,0.5032145977020264
/home/enrico/Projects/prolog_planner/python_interface/../exps/multi-steps/blocks_world/4/4o/kb/kb_ll_correct.pl,0.4029698371887207
/home/enrico/Projects/prolog_planner/python_interface/../exps/multi-steps/blocks_world/4/4o/kb/kb_ll_correct.pl,0.42580342292785645
/home/enrico/Projects/prolog_planner/python_interface/../exps/multi-steps/blocks_world/4/4o/kb/kb_ll_correct.pl,0.45522642135620117
/home/enrico/Projects/prolog_planner/python_interface/../exps/multi-steps/blocks_world/4/4o/kb/kb_ll_correct.pl,0.4642455577850342
/home/enrico/Projects/prolog_planner/python_interface/../exps/multi-steps/blocks_world/4/4o/kb/kb_ll_correct.pl,0.45629143714904785
/home/enrico/Projects/prolog_planner/python_interface/../exps/multi-steps/blocks_world/4/4o/kb/kb_ll_correct.pl,0.402360200881958
/home/enrico/Projects/prolog_planner/python_interface/../exps/multi-steps/blocks_world/4/4o/kb/kb_ll_correct.pl,0.4512052536010742
/home/enrico/Projects/prolog_planner/python_interface/../exps/multi-steps/blocks_world/4/4o/kb/kb_ll_correct.pl,0.45505475997924805
/home/enrico/Projects/prolog_planner/python_interface/../exps/multi-steps/blocks_world/4/4o/kb/kb_ll_correct.pl,0.39890599250793457
/home/enrico/Projects/prolog_planner/python_interface/../exps/multi-steps/blocks_world/4/4o/kb/kb_ll_correct.pl,0.4447355270385742
/home/enrico/Projects/prolog_planner/python_interface/../exps/multi-steps/blocks_world/4/4o/kb/kb_ll_correct.pl,0.41899919509887695
/home/enrico/Projects/prolog_planner/python_interface/../exps/multi-steps/blocks_world/4/4o/kb/kb_ll_correct.pl,0.4396815299987793
/home/enrico/Projects/prolog_planner/python_interface/../exps/multi-steps/blocks_world/4/4o/kb/kb_ll_correct.pl,0.43769121170043945
/home/enrico/Projects/prolog_planner/python_interface/../exps/multi-steps/blocks_world/4/4o/kb/kb_ll_correct.pl,0.4295768737792969
/home/enrico/Projects/prolog_planner/python_interface/../exps/multi-steps/blocks_world/4/4o/kb/kb_ll_correct.pl,0.3758854866027832
/home/enrico/Projects/prolog_planner/python_interface/../exps/multi-steps/blocks_world/4/4o/kb/kb_ll_correct.pl,0.47373318672180176
/home/enrico/Projects/prolog_planner/python_interface/../exps/multi-steps/blocks_world/4/4o/kb/kb_ll_correct.pl,0.5226662158966064
/home/enrico/Projects/prolog_planner/python_interface/../exps/multi-steps/blocks_world/4/4o/kb/kb_ll_correct.pl,0.5440387725830078
/home/enrico/Projects/prolog_planner/python_interface/../exps/multi-steps/blocks_world/4/4o/kb/kb_ll_correct.pl,0.39281606674194336
/home/enrico/Projects/prolog_planner/python_interface/../exps/multi-steps/blocks_world/4/4o/kb/kb_ll_correct.pl,0.44554662704467773
/home/enrico/Projects/prolog_planner/python_interface/../exps/multi-steps/blocks_world/4/4o/kb/kb_ll_correct.pl,0.46013832092285156
/home/enrico/Projects/prolog_planner/python_interface/../exps/multi-steps/blocks_world/4/4o/kb/kb_ll_correct.pl,0.47052979469299316
/home/enrico/Projects/prolog_planner/python_interface/../exps/multi-steps/blocks_world/4/4o/kb/kb_ll_correct.pl,0.4269227981567383
/home/enrico/Projects/prolog_planner/python_interface/../exps/multi-steps/blocks_world/4/4o/kb/kb_ll_correct.pl,0.3691518306732178
/home/enrico/Projects/prolog_planner/python_interface/../exps/multi-steps/blocks_world/4/4o/kb/kb_ll_correct.pl,0.42258667945861816
/home/enrico/Projects/prolog_planner/python_interface/../exps/multi-steps/blocks_world/4/4o/kb/kb_ll_correct.pl,0.4256439208984375
/home/enrico/Projects/prolog_planner/python_interface/../exps/multi-steps/blocks_world/4/4o/kb/kb_ll_correct.pl,0.4483163356781006
/home/enrico/Projects/prolog_planner/python_interface/../exps/multi-steps/blocks_world/4/4o/kb/kb_ll_correct.pl,0.44048476219177246
/home/enrico/Projects/prolog_planner/python_interface/../exps/multi-steps/blocks_world/5/4o/kb/kb_ll_correct_5.pl,0.33966541290283203
/home/enrico/Projects/prolog_planner/python_interface/../exps/multi-steps/blocks_world/5/4o/kb/kb_ll_correct_5.pl,0.42376255989074707
/home/enrico/Projects/prolog_planner/python_interface/../exps/multi-steps/blocks_world/5/4o/kb/kb_ll_correct_5.pl,0.462749719619751
/home/enrico/Projects/prolog_planner/python_interface/../exps/multi-steps/blocks_world/5/4o/kb/kb_ll_correct_5.pl,0.44670581817626953
/home/enrico/Projects/prolog_planner/python_interface/../exps/multi-steps/blocks_world/5/4o/kb/kb_ll_correct_5.pl,0.3790309429168701
/home/enrico/Projects/prolog_planner/python_interface/../exps/multi-steps/blocks_world/5/4o/kb/kb_ll_correct_5.pl,0.37558746337890625
/home/enrico/Projects/prolog_planner/python_interface/../exps/multi-steps/blocks_world/5/4o/kb/kb_ll_correct_5.pl,0.3723106384277344
/home/enrico/Projects/prolog_planner/python_interface/../exps/multi-steps/blocks_world/5/4o/kb/kb_ll_correct_5.pl,0.33132290840148926
/home/enrico/Projects/prolog_planner/python_interface/../exps/multi-steps/blocks_world/5/4o/kb/kb_ll_correct_5.pl,0.395038366317749
/home/enrico/Projects/prolog_planner/python_interface/../exps/multi-steps/blocks_world/5/4o/kb/kb_ll_correct_5.pl,0.3879432678222656
/home/enrico/Projects/prolog_planner/python_interface/../exps/multi-steps/blocks_world/5/4o/kb/kb_ll_correct_5.pl,0.38616323471069336
/home/enrico/Projects/prolog_planner/python_interface/../exps/multi-steps/blocks_world/5/4o/kb/kb_ll_correct_5.pl,0.3660609722137451
/home/enrico/Projects/prolog_planner/python_interface/../exps/multi-steps/blocks_world/5/4o/kb/kb_ll_correct_5.pl,0.37905168533325195
/home/enrico/Projects/prolog_planner/python_interface/../exps/multi-steps/blocks_world/5/4o/kb/kb_ll_correct_5.pl,0.4004950523376465
/home/enrico/Projects/prolog_planner/python_interface/../exps/multi-steps/blocks_world/5/4o/kb/kb_ll_correct_5.pl,0.4035346508026123
/home/enrico/Projects/prolog_planner/python_interface/../exps/multi-steps/blocks_world/5/4o/kb/kb_ll_correct_5.pl,0.37247371673583984
/home/enrico/Projects/prolog_planner/python_interface/../exps/multi-steps/blocks_world/5/4o/kb/kb_ll_correct_5.pl,0.42661333084106445
/home/enrico/Projects/prolog_planner/python_interface/../exps/multi-steps/blocks_world/5/4o/kb/kb_ll_correct_5.pl,0.3807694911956787
/home/enrico/Projects/prolog_planner/python_interface/../exps/multi-steps/blocks_world/5/4o/kb/kb_ll_correct_5.pl,0.3813347816467285
/home/enrico/Projects/prolog_planner/python_interface/../exps/multi-steps/blocks_world/5/4o/kb/kb_ll_correct_5.pl,0.41599416732788086
/home/enrico/Projects/prolog_planner/python_interface/../exps/multi-steps/blocks_world/5/4o/kb/kb_ll_correct_5.pl,0.4367215633392334
/home/enrico/Projects/prolog_planner/python_interface/../exps/multi-steps/blocks_world/5/4o/kb/kb_ll_correct_5.pl,0.32790637016296387
/home/enrico/Projects/prolog_planner/python_interface/../exps/multi-steps/blocks_world/5/4o/kb/kb_ll_correct_5.pl,0.4090251922607422
/home/enrico/Projects/prolog_planner/python_interface/../exps/multi-steps/blocks_world/5/4o/kb/kb_ll_correct_5.pl,0.3772878646850586
/home/enrico/Projects/prolog_planner/python_interface/../exps/multi-steps/blocks_world/5/4o/kb/kb_ll_correct_5.pl,0.34668707847595215
/home/enrico/Projects/prolog_planner/python_interface/../exps/multi-steps/blocks_world/5/4o/kb/kb_ll_correct_5.pl,0.4008350372314453
/home/enrico/Projects/prolog_planner/python_interface/../exps/multi-steps/blocks_world/5/4o/kb/kb_ll_correct_5.pl,0.3942751884460449
/home/enrico/Projects/prolog_planner/python_interface/../exps/multi-steps/blocks_world/5/4o/kb/kb_ll_correct_5.pl,0.32021307945251465
/home/enrico/Projects/prolog_planner/python_interface/../exps/multi-steps/blocks_world/5/4o/kb/kb_ll_correct_5.pl,0.3943181037902832
/home/enrico/Projects/prolog_planner/python_interface/../exps/multi-steps/blocks_world/5/4o/kb/kb_ll_correct_5.pl,0.4183337688446045
/home/enrico/Projects/prolog_planner/python_interface/../exps/multi-steps/blocks_world/5/4o/kb/kb_ll_correct_5.pl,0.46019601821899414
/home/enrico/Projects/prolog_planner/python_interface/../exps/multi-steps/blocks_world/5/4o/kb/kb_ll_correct_5.pl,0.3827793598175049
/home/enrico/Projects/prolog_planner/python_interface/../exps/multi-steps/blocks_world/5/4o/kb/kb_ll_correct_5.pl,0.3866434097290039
/home/enrico/Projects/prolog_planner/python_interface/../exps/multi-steps/blocks_world/5/4o/kb/kb_ll_correct_5.pl,0.318861722946167
/home/enrico/Projects/prolog_planner/python_interface/../exps/multi-steps/blocks_world/5/4o/kb/kb_ll_correct_5.pl,0.3769652843475342
/home/enrico/Projects/prolog_planner/python_interface/../exps/multi-steps/blocks_world/5/4o/kb/kb_ll_correct_5.pl,0.382753849029541
/home/enrico/Projects/prolog_planner/python_interface/../exps/multi-steps/blocks_world/5/4o/kb/kb_ll_correct_5.pl,0.3038814067840576
/home/enrico/Projects/prolog_planner/python_interface/../exps/multi-steps/blocks_world/5/4o/kb/kb_ll_correct_5.pl,0.37503647804260254
/home/enrico/Projects/prolog_planner/python_interface/../exps/multi-steps/blocks_world/5/4o/kb/kb_ll_correct_5.pl,0.3608682155609131
/home/enrico/Projects/prolog_planner/python_interface/../exps/multi-steps/blocks_world/5/4o/kb/kb_ll_correct_5.pl,0.377838134765625
/home/enrico/Projects/prolog_planner/python_interface/../exps/multi-steps/blocks_world/5/4o/kb/kb_ll_correct_5.pl,0.4646751880645752
/home/enrico/Projects/prolog_planner/python_interface/../exps/multi-steps/blocks_world/5/4o/kb/kb_ll_correct_5.pl,0.4229085445404053
/home/enrico/Projects/prolog_planner/python_interface/../exps/multi-steps/blocks_world/5/4o/kb/kb_ll_correct_5.pl,0.33737850189208984
/home/enrico/Projects/prolog_planner/python_interface/../exps/multi-steps/blocks_world/5/4o/kb/kb_ll_correct_5.pl,0.40337204933166504
/home/enrico/Projects/prolog_planner/python_interface/../exps/multi-steps/blocks_world/5/4o/kb/kb_ll_correct_5.pl,0.37540555000305176
/home/enrico/Projects/prolog_planner/python_interface/../exps/multi-steps/blocks_world/5/4o/kb/kb_ll_correct_5.pl,0.37738704681396484
/home/enrico/Projects/prolog_planner/python_interface/../exps/multi-steps/blocks_world/5/4o/kb/kb_ll_correct_5.pl,0.3827476501464844
/home/enrico/Projects/prolog_planner/python_interface/../exps/multi-steps/blocks_world/5/4o/kb/kb_ll_correct_5.pl,0.3736693859100342
/home/enrico/Projects/prolog_planner/python_interface/../exps/multi-steps/blocks_world/5/4o/kb/kb_ll_correct_5.pl,0.33594489097595215
/home/enrico/Projects/prolog_planner/python_interface/../exps/multi-steps/blocks_world/5/4o/kb/kb_ll_correct_5.pl,0.4291820526123047
/home/enrico/Projects/prolog_planner/python_interface/../exps/multi-steps/blocks_world/5/4o/kb/kb_ll_correct_10.pl,1.0101420879364014
/home/enrico/Projects/prolog_planner/python_interface/../exps/multi-steps/blocks_world/5/4o/kb/kb_ll_correct_10.pl,1.1004414558410645
/home/enrico/Projects/prolog_planner/python_interface/../exps/multi-steps/blocks_world/5/4o/kb/kb_ll_correct_10.pl,1.2167882919311523
/home/enrico/Projects/prolog_planner/python_interface/../exps/multi-steps/blocks_world/5/4o/kb/kb_ll_correct_10.pl,1.0868425369262695
/home/enrico/Projects/prolog_planner/python_interface/../exps/multi-steps/blocks_world/5/4o/kb/kb_ll_correct_10.pl,1.1645121574401855
/home/enrico/Projects/prolog_planner/python_interface/../exps/multi-steps/blocks_world/5/4o/kb/kb_ll_correct_10.pl,1.2890002727508545
/home/enrico/Projects/prolog_planner/python_interface/../exps/multi-steps/blocks_world/5/4o/kb/kb_ll_correct_10.pl,1.2760035991668701
/home/enrico/Projects/prolog_planner/python_interface/../exps/multi-steps/blocks_world/5/4o/kb/kb_ll_correct_10.pl,1.1986124515533447
/home/enrico/Projects/prolog_planner/python_interface/../exps/multi-steps/blocks_world/5/4o/kb/kb_ll_correct_10.pl,1.2575807571411133
/home/enrico/Projects/prolog_planner/python_interface/../exps/multi-steps/blocks_world/5/4o/kb/kb_ll_correct_10.pl,1.1019387245178223
/home/enrico/Projects/prolog_planner/python_interface/../exps/multi-steps/blocks_world/5/4o/kb/kb_ll_correct_10.pl,1.4235177040100098
/home/enrico/Projects/prolog_planner/python_interface/../exps/multi-steps/blocks_world/5/4o/kb/kb_ll_correct_10.pl,1.2543940544128418
/home/enrico/Projects/prolog_planner/python_interface/../exps/multi-steps/blocks_world/5/4o/kb/kb_ll_correct_10.pl,1.1800997257232666
/home/enrico/Projects/prolog_planner/python_interface/../exps/multi-steps/blocks_world/5/4o/kb/kb_ll_correct_10.pl,1.2834162712097168
/home/enrico/Projects/prolog_planner/python_interface/../exps/multi-steps/blocks_world/5/4o/kb/kb_ll_correct_10.pl,1.2549610137939453
/home/enrico/Projects/prolog_planner/python_interface/../exps/multi-steps/blocks_world/5/4o/kb/kb_ll_correct_10.pl,1.2690622806549072
/home/enrico/Projects/prolog_planner/python_interface/../exps/multi-steps/blocks_world/5/4o/kb/kb_ll_correct_10.pl,1.1855697631835938
/home/enrico/Projects/prolog_planner/python_interface/../exps/multi-steps/blocks_world/5/4o/kb/kb_ll_correct_10.pl,1.1570792198181152
/home/enrico/Projects/prolog_planner/python_interface/../exps/multi-steps/blocks_world/5/4o/kb/kb_ll_correct_10.pl,1.2646970748901367
/home/enrico/Projects/prolog_planner/python_interface/../exps/multi-steps/blocks_world/5/4o/kb/kb_ll_correct_10.pl,1.3340895175933838
/home/enrico/Projects/prolog_planner/python_interface/../exps/multi-steps/blocks_world/5/4o/kb/kb_ll_correct_10.pl,1.0533711910247803
/home/enrico/Projects/prolog_planner/python_interface/../exps/multi-steps/blocks_world/5/4o/kb/kb_ll_correct_10.pl,1.1920228004455566
/home/enrico/Projects/prolog_planner/python_interface/../exps/multi-steps/blocks_world/5/4o/kb/kb_ll_correct_10.pl,1.0227415561676025
/home/enrico/Projects/prolog_planner/python_interface/../exps/multi-steps/blocks_world/5/4o/kb/kb_ll_correct_10.pl,1.31138277053833
/home/enrico/Projects/prolog_planner/python_interface/../exps/multi-steps/blocks_world/5/4o/kb/kb_ll_correct_10.pl,1.3025124073028564
/home/enrico/Projects/prolog_planner/python_interface/../exps/multi-steps/blocks_world/5/4o/kb/kb_ll_correct_10.pl,1.2139787673950195
/home/enrico/Projects/prolog_planner/python_interface/../exps/multi-steps/blocks_world/5/4o/kb/kb_ll_correct_10.pl,1.1761438846588135
/home/enrico/Projects/prolog_planner/python_interface/../exps/multi-steps/blocks_world/5/4o/kb/kb_ll_correct_10.pl,0.9797189235687256
/home/enrico/Projects/prolog_planner/python_interface/../exps/multi-steps/blocks_world/5/4o/kb/kb_ll_correct_10.pl,1.1828560829162598
/home/enrico/Projects/prolog_planner/python_interface/../exps/multi-steps/blocks_world/5/4o/kb/kb_ll_correct_10.pl,1.3294587135314941
/home/enrico/Projects/prolog_planner/python_interface/../exps/multi-steps/blocks_world/5/4o/kb/kb_ll_correct_10.pl,1.1438837051391602
/home/enrico/Projects/prolog_planner/python_interface/../exps/multi-steps/blocks_world/5/4o/kb/kb_ll_correct_10.pl,1.017334222793579
/home/enrico/Projects/prolog_planner/python_interface/../exps/multi-steps/blocks_world/5/4o/kb/kb_ll_correct_10.pl,1.181941270828247
/home/enrico/Projects/prolog_planner/python_interface/../exps/multi-steps/blocks_world/5/4o/kb/kb_ll_correct_10.pl,1.167281150817871
/home/enrico/Projects/prolog_planner/python_interface/../exps/multi-steps/blocks_world/5/4o/kb/kb_ll_correct_10.pl,1.095860242843628
/home/enrico/Projects/prolog_planner/python_interface/../exps/multi-steps/blocks_world/5/4o/kb/kb_ll_correct_10.pl,1.3298077583312988
/home/enrico/Projects/prolog_planner/python_interface/../exps/multi-steps/blocks_world/5/4o/kb/kb_ll_correct_10.pl,1.2960731983184814
/home/enrico/Projects/prolog_planner/python_interface/../exps/multi-steps/blocks_world/5/4o/kb/kb_ll_correct_10.pl,1.1642451286315918
/home/enrico/Projects/prolog_planner/python_interface/../exps/multi-steps/blocks_world/5/4o/kb/kb_ll_correct_10.pl,0.9316849708557129
/home/enrico/Projects/prolog_planner/python_interface/../exps/multi-steps/blocks_world/5/4o/kb/kb_ll_correct_10.pl,1.1770529747009277
/home/enrico/Projects/prolog_planner/python_interface/../exps/multi-steps/blocks_world/5/4o/kb/kb_ll_correct_10.pl,1.23207688331604
/home/enrico/Projects/prolog_planner/python_interface/../exps/multi-steps/blocks_world/5/4o/kb/kb_ll_correct_10.pl,1.3251075744628906
/home/enrico/Projects/prolog_planner/python_interface/../exps/multi-steps/blocks_world/5/4o/kb/kb_ll_correct_10.pl,1.2138886451721191
/home/enrico/Projects/prolog_planner/python_interface/../exps/multi-steps/blocks_world/5/4o/kb/kb_ll_correct_10.pl,1.0777864456176758
/home/enrico/Projects/prolog_planner/python_interface/../exps/multi-steps/blocks_world/5/4o/kb/kb_ll_correct_10.pl,1.2237439155578613
/home/enrico/Projects/prolog_planner/python_interface/../exps/multi-steps/blocks_world/5/4o/kb/kb_ll_correct_10.pl,1.3008813858032227
/home/enrico/Projects/prolog_planner/python_interface/../exps/multi-steps/blocks_world/5/4o/kb/kb_ll_correct_10.pl,1.2260262966156006
/home/enrico/Projects/prolog_planner/python_interface/../exps/multi-steps/blocks_world/5/4o/kb/kb_ll_correct_10.pl,1.336707592010498
/home/enrico/Projects/prolog_planner/python_interface/../exps/multi-steps/blocks_world/5/4o/kb/kb_ll_correct_10.pl,1.1661181449890137
/home/enrico/Projects/prolog_planner/python_interface/../exps/multi-steps/blocks_world/5/4o/kb/kb_ll_correct_10.pl,1.1761298179626465
/home/enrico/Projects/prolog_planner/python_interface/../exps/multi-steps/blocks_world/5/4o/kb/kb_ll_correct_15.pl,8.907909154891968
/home/enrico/Projects/prolog_planner/python_interface/../exps/multi-steps/blocks_world/5/4o/kb/kb_ll_correct_15.pl,8.620224237442017
/home/enrico/Projects/prolog_planner/python_interface/../exps/multi-steps/blocks_world/5/4o/kb/kb_ll_correct_15.pl,8.563703298568726
/home/enrico/Projects/prolog_planner/python_interface/../exps/multi-steps/blocks_world/5/4o/kb/kb_ll_correct_15.pl,8.881543397903442
/home/enrico/Projects/prolog_planner/python_interface/../exps/multi-steps/blocks_world/5/4o/kb/kb_ll_correct_15.pl,9.143710851669312
/home/enrico/Projects/prolog_planner/python_interface/../exps/multi-steps/blocks_world/5/4o/kb/kb_ll_correct_15.pl,8.53398585319519
/home/enrico/Projects/prolog_planner/python_interface/../exps/multi-steps/blocks_world/5/4o/kb/kb_ll_correct_15.pl,8.75417184829712
/home/enrico/Projects/prolog_planner/python_interface/../exps/multi-steps/blocks_world/5/4o/kb/kb_ll_correct_15.pl,8.624915599822998
/home/enrico/Projects/prolog_planner/python_interface/../exps/multi-steps/blocks_world/5/4o/kb/kb_ll_correct_15.pl,8.778160333633423
/home/enrico/Projects/prolog_planner/python_interface/../exps/multi-steps/blocks_world/5/4o/kb/kb_ll_correct_15.pl,8.366582155227661
/home/enrico/Projects/prolog_planner/python_interface/../exps/multi-steps/blocks_world/5/4o/kb/kb_ll_correct_15.pl,9.152343034744263
/home/enrico/Projects/prolog_planner/python_interface/../exps/multi-steps/blocks_world/5/4o/kb/kb_ll_correct_15.pl,8.791971921920776
/home/enrico/Projects/prolog_planner/python_interface/../exps/multi-steps/blocks_world/5/4o/kb/kb_ll_correct_15.pl,8.450677871704102
/home/enrico/Projects/prolog_planner/python_interface/../exps/multi-steps/blocks_world/5/4o/kb/kb_ll_correct_15.pl,8.734069585800171
/home/enrico/Projects/prolog_planner/python_interface/../exps/multi-steps/blocks_world/5/4o/kb/kb_ll_correct_15.pl,8.296069860458374
/home/enrico/Projects/prolog_planner/python_interface/../exps/multi-steps/blocks_world/5/4o/kb/kb_ll_correct_15.pl,8.795241832733154
/home/enrico/Projects/prolog_planner/python_interface/../exps/multi-steps/blocks_world/5/4o/kb/kb_ll_correct_15.pl,8.417417526245117
/home/enrico/Projects/prolog_planner/python_interface/../exps/multi-steps/blocks_world/5/4o/kb/kb_ll_correct_15.pl,9.021467447280884
/home/enrico/Projects/prolog_planner/python_interface/../exps/multi-steps/blocks_world/5/4o/kb/kb_ll_correct_15.pl,8.876017332077026
/home/enrico/Projects/prolog_planner/python_interface/../exps/multi-steps/blocks_world/5/4o/kb/kb_ll_correct_15.pl,8.344032764434814
/home/enrico/Projects/prolog_planner/python_interface/../exps/multi-steps/blocks_world/5/4o/kb/kb_ll_correct_15.pl,8.288898229598999
/home/enrico/Projects/prolog_planner/python_interface/../exps/multi-steps/blocks_world/5/4o/kb/kb_ll_correct_15.pl,9.08836555480957
/home/enrico/Projects/prolog_planner/python_interface/../exps/multi-steps/blocks_world/5/4o/kb/kb_ll_correct_15.pl,8.655249834060669
/home/enrico/Projects/prolog_planner/python_interface/../exps/multi-steps/blocks_world/5/4o/kb/kb_ll_correct_15.pl,8.41059422492981
/home/enrico/Projects/prolog_planner/python_interface/../exps/multi-steps/blocks_world/5/4o/kb/kb_ll_correct_15.pl,8.155599117279053
/home/enrico/Projects/prolog_planner/python_interface/../exps/multi-steps/blocks_world/5/4o/kb/kb_ll_correct_15.pl,8.776300191879272
/home/enrico/Projects/prolog_planner/python_interface/../exps/multi-steps/blocks_world/5/4o/kb/kb_ll_correct_15.pl,8.623430728912354
/home/enrico/Projects/prolog_planner/python_interface/../exps/multi-steps/blocks_world/5/4o/kb/kb_ll_correct_15.pl,8.759577512741089
/home/enrico/Projects/prolog_planner/python_interface/../exps/multi-steps/blocks_world/5/4o/kb/kb_ll_correct_15.pl,8.564056396484375
/home/enrico/Projects/prolog_planner/python_interface/../exps/multi-steps/blocks_world/5/4o/kb/kb_ll_correct_15.pl,8.327236890792847
/home/enrico/Projects/prolog_planner/python_interface/../exps/multi-steps/blocks_world/5/4o/kb/kb_ll_correct_15.pl,8.597137212753296
/home/enrico/Projects/prolog_planner/python_interface/../exps/multi-steps/blocks_world/5/4o/kb/kb_ll_correct_15.pl,8.915840864181519
/home/enrico/Projects/prolog_planner/python_interface/../exps/multi-steps/blocks_world/5/4o/kb/kb_ll_correct_15.pl,8.529284238815308
/home/enrico/Projects/prolog_planner/python_interface/../exps/multi-steps/blocks_world/5/4o/kb/kb_ll_correct_15.pl,9.017883062362671
/home/enrico/Projects/prolog_planner/python_interface/../exps/multi-steps/blocks_world/5/4o/kb/kb_ll_correct_15.pl,8.44501805305481
/home/enrico/Projects/prolog_planner/python_interface/../exps/multi-steps/blocks_world/5/4o/kb/kb_ll_correct_15.pl,8.585328340530396
/home/enrico/Projects/prolog_planner/python_interface/../exps/multi-steps/blocks_world/5/4o/kb/kb_ll_correct_15.pl,8.887975454330444
/home/enrico/Projects/prolog_planner/python_interface/../exps/multi-steps/blocks_world/5/4o/kb/kb_ll_correct_15.pl,8.853688955307007
/home/enrico/Projects/prolog_planner/python_interface/../exps/multi-steps/blocks_world/5/4o/kb/kb_ll_correct_15.pl,8.606591939926147
/home/enrico/Projects/prolog_planner/python_interface/../exps/multi-steps/blocks_world/5/4o/kb/kb_ll_correct_15.pl,8.772644519805908
/home/enrico/Projects/prolog_planner/python_interface/../exps/multi-steps/blocks_world/5/4o/kb/kb_ll_correct_15.pl,8.650163650512695
/home/enrico/Projects/prolog_planner/python_interface/../exps/multi-steps/blocks_world/5/4o/kb/kb_ll_correct_15.pl,8.43607211112976
/home/enrico/Projects/prolog_planner/python_interface/../exps/multi-steps/blocks_world/5/4o/kb/kb_ll_correct_15.pl,8.723400592803955
/home/enrico/Projects/prolog_planner/python_interface/../exps/multi-steps/blocks_world/5/4o/kb/kb_ll_correct_15.pl,8.463548183441162
/home/enrico/Projects/prolog_planner/python_interface/../exps/multi-steps/blocks_world/5/4o/kb/kb_ll_correct_15.pl,8.644582986831665
/home/enrico/Projects/prolog_planner/python_interface/../exps/multi-steps/blocks_world/5/4o/kb/kb_ll_correct_15.pl,8.462157964706421
/home/enrico/Projects/prolog_planner/python_interface/../exps/multi-steps/blocks_world/5/4o/kb/kb_ll_correct_15.pl,8.317556381225586
/home/enrico/Projects/prolog_planner/python_interface/../exps/multi-steps/blocks_world/5/4o/kb/kb_ll_correct_15.pl,8.393733024597168
/home/enrico/Projects/prolog_planner/python_interface/../exps/multi-steps/blocks_world/5/4o/kb/kb_ll_correct_15.pl,8.930954217910767
/home/enrico/Projects/prolog_planner/python_interface/../exps/multi-steps/blocks_world/5/4o/kb/kb_ll_correct_15.pl,8.734104871749878
/home/enrico/Projects/prolog_planner/python_interface/../exps/multi-steps/blocks_world/5/4o/kb/kb_ll_correct_20.pl,44.977601051330566
/home/enrico/Projects/prolog_planner/python_interface/../exps/multi-steps/blocks_world/5/4o/kb/kb_ll_correct_20.pl,45.61674451828003
/home/enrico/Projects/prolog_planner/python_interface/../exps/multi-steps/blocks_world/5/4o/kb/kb_ll_correct_20.pl,45.51222562789917
/home/enrico/Projects/prolog_planner/python_interface/../exps/multi-steps/blocks_world/5/4o/kb/kb_ll_correct_20.pl,45.51587462425232
/home/enrico/Projects/prolog_planner/python_interface/../exps/multi-steps/blocks_world/5/4o/kb/kb_ll_correct_20.pl,45.88992714881897
/home/enrico/Projects/prolog_planner/python_interface/../exps/multi-steps/blocks_world/5/4o/kb/kb_ll_correct_20.pl,45.70393943786621
/home/enrico/Projects/prolog_planner/python_interface/../exps/multi-steps/blocks_world/5/4o/kb/kb_ll_correct_20.pl,46.825117111206055
/home/enrico/Projects/prolog_planner/python_interface/../exps/multi-steps/blocks_world/5/4o/kb/kb_ll_correct_20.pl,45.71515679359436
/home/enrico/Projects/prolog_planner/python_interface/../exps/multi-steps/blocks_world/5/4o/kb/kb_ll_correct_20.pl,45.03016495704651
/home/enrico/Projects/prolog_planner/python_interface/../exps/multi-steps/blocks_world/5/4o/kb/kb_ll_correct_20.pl,46.5179488658905
/home/enrico/Projects/prolog_planner/python_interface/../exps/multi-steps/blocks_world/5/4o/kb/kb_ll_correct_20.pl,44.71940088272095
/home/enrico/Projects/prolog_planner/python_interface/../exps/multi-steps/blocks_world/5/4o/kb/kb_ll_correct_20.pl,45.74915432929993
/home/enrico/Projects/prolog_planner/python_interface/../exps/multi-steps/blocks_world/5/4o/kb/kb_ll_correct_20.pl,45.177080154418945
/home/enrico/Projects/prolog_planner/python_interface/../exps/multi-steps/blocks_world/5/4o/kb/kb_ll_correct_20.pl,45.693538665771484
/home/enrico/Projects/prolog_planner/python_interface/../exps/multi-steps/blocks_world/5/4o/kb/kb_ll_correct_20.pl,45.22225332260132
/home/enrico/Projects/prolog_planner/python_interface/../exps/multi-steps/blocks_world/5/4o/kb/kb_ll_correct_20.pl,45.33720421791077
/home/enrico/Projects/prolog_planner/python_interface/../exps/multi-steps/blocks_world/5/4o/kb/kb_ll_correct_20.pl,44.14914917945862
/home/enrico/Projects/prolog_planner/python_interface/../exps/multi-steps/blocks_world/5/4o/kb/kb_ll_correct_20.pl,45.75672364234924
/home/enrico/Projects/prolog_planner/python_interface/../exps/multi-steps/blocks_world/5/4o/kb/kb_ll_correct_20.pl,45.78067207336426
/home/enrico/Projects/prolog_planner/python_interface/../exps/multi-steps/blocks_world/5/4o/kb/kb_ll_correct_20.pl,45.14250302314758
/home/enrico/Projects/prolog_planner/python_interface/../exps/multi-steps/blocks_world/5/4o/kb/kb_ll_correct_20.pl,45.55536723136902
/home/enrico/Projects/prolog_planner/python_interface/../exps/multi-steps/blocks_world/5/4o/kb/kb_ll_correct_20.pl,48.00656247138977
/home/enrico/Projects/prolog_planner/python_interface/../exps/multi-steps/blocks_world/5/4o/kb/kb_ll_correct_20.pl,49.88872241973877
/home/enrico/Projects/prolog_planner/python_interface/../exps/multi-steps/blocks_world/5/4o/kb/kb_ll_correct_20.pl,48.51326131820679
/home/enrico/Projects/prolog_planner/python_interface/../exps/multi-steps/blocks_world/5/4o/kb/kb_ll_correct_20.pl,46.913750410079956
/home/enrico/Projects/prolog_planner/python_interface/../exps/multi-steps/blocks_world/5/4o/kb/kb_ll_correct_20.pl,48.8429274559021
/home/enrico/Projects/prolog_planner/python_interface/../exps/multi-steps/blocks_world/5/4o/kb/kb_ll_correct_20.pl,48.51792669296265
/home/enrico/Projects/prolog_planner/python_interface/../exps/multi-steps/blocks_world/5/4o/kb/kb_ll_correct_20.pl,47.18528747558594
/home/enrico/Projects/prolog_planner/python_interface/../exps/multi-steps/blocks_world/5/4o/kb/kb_ll_correct_20.pl,48.03370261192322
/home/enrico/Projects/prolog_planner/python_interface/../exps/multi-steps/blocks_world/5/4o/kb/kb_ll_correct_20.pl,48.02184224128723
/home/enrico/Projects/prolog_planner/python_interface/../exps/multi-steps/blocks_world/5/4o/kb/kb_ll_correct_20.pl,49.610655069351196
/home/enrico/Projects/prolog_planner/python_interface/../exps/multi-steps/blocks_world/5/4o/kb/kb_ll_correct_20.pl,44.96059322357178
/home/enrico/Projects/prolog_planner/python_interface/../exps/multi-steps/blocks_world/5/4o/kb/kb_ll_correct_20.pl,50.060014963150024
/home/enrico/Projects/prolog_planner/python_interface/../exps/multi-steps/blocks_world/5/4o/kb/kb_ll_correct_20.pl,45.59176516532898
/home/enrico/Projects/prolog_planner/python_interface/../exps/multi-steps/blocks_world/5/4o/kb/kb_ll_correct_20.pl,44.635286808013916
/home/enrico/Projects/prolog_planner/python_interface/../exps/multi-steps/blocks_world/5/4o/kb/kb_ll_correct_20.pl,44.903406381607056
/home/enrico/Projects/prolog_planner/python_interface/../exps/multi-steps/blocks_world/5/4o/kb/kb_ll_correct_20.pl,45.49800705909729
/home/enrico/Projects/prolog_planner/python_interface/../exps/multi-steps/blocks_world/5/4o/kb/kb_ll_correct_20.pl,45.51654624938965
/home/enrico/Projects/prolog_planner/python_interface/../exps/multi-steps/blocks_world/5/4o/kb/kb_ll_correct_20.pl,44.36928629875183
/home/enrico/Projects/prolog_planner/python_interface/../exps/multi-steps/blocks_world/5/4o/kb/kb_ll_correct_20.pl,45.57865333557129
/home/enrico/Projects/prolog_planner/python_interface/../exps/multi-steps/blocks_world/5/4o/kb/kb_ll_correct_20.pl,44.87386512756348
/home/enrico/Projects/prolog_planner/python_interface/../exps/multi-steps/blocks_world/5/4o/kb/kb_ll_correct_20.pl,47.50921130180359
/home/enrico/Projects/prolog_planner/python_interface/../exps/multi-steps/blocks_world/5/4o/kb/kb_ll_correct_20.pl,44.42013597488403
/home/enrico/Projects/prolog_planner/python_interface/../exps/multi-steps/blocks_world/5/4o/kb/kb_ll_correct_20.pl,44.42982459068298
/home/enrico/Projects/prolog_planner/python_interface/../exps/multi-steps/blocks_world/5/4o/kb/kb_ll_correct_20.pl,44.43216300010681
/home/enrico/Projects/prolog_planner/python_interface/../exps/multi-steps/blocks_world/5/4o/kb/kb_ll_correct_20.pl,44.477459192276
/home/enrico/Projects/prolog_planner/python_interface/../exps/multi-steps/blocks_world/5/4o/kb/kb_ll_correct_20.pl,44.98206543922424
/home/enrico/Projects/prolog_planner/python_interface/../exps/multi-steps/blocks_world/5/4o/kb/kb_ll_correct_20.pl,44.14862132072449
/home/enrico/Projects/prolog_planner/python_interface/../exps/multi-steps/blocks_world/5/4o/kb/kb_ll_correct_20.pl,43.67936420440674
/home/enrico/Projects/prolog_planner/python_interface/../exps/multi-steps/blocks_world/5/4o/kb/kb_ll_correct_20.pl,44.46293354034424
/home/enrico/Projects/prolog_planner/python_interface/../exps/multi-steps/arch/1/4o/kb/kb_ll_correct.pl,3.591355800628662
/home/enrico/Projects/prolog_planner/python_interface/../exps/multi-steps/arch/1/4o/kb/kb_ll_correct.pl,3.189598560333252
/home/enrico/Projects/prolog_planner/python_interface/../exps/multi-steps/arch/1/4o/kb/kb_ll_correct.pl,3.4396657943725586
/home/enrico/Projects/prolog_planner/python_interface/../exps/multi-steps/arch/1/4o/kb/kb_ll_correct.pl,3.469675064086914
/home/enrico/Projects/prolog_planner/python_interface/../exps/multi-steps/arch/1/4o/kb/kb_ll_correct.pl,3.384063482284546
/home/enrico/Projects/prolog_planner/python_interface/../exps/multi-steps/arch/1/4o/kb/kb_ll_correct.pl,3.6377129554748535
/home/enrico/Projects/prolog_planner/python_interface/../exps/multi-steps/arch/1/4o/kb/kb_ll_correct.pl,3.4588711261749268
/home/enrico/Projects/prolog_planner/python_interface/../exps/multi-steps/arch/1/4o/kb/kb_ll_correct.pl,3.4753434658050537
/home/enrico/Projects/prolog_planner/python_interface/../exps/multi-steps/arch/1/4o/kb/kb_ll_correct.pl,3.4057459831237793
/home/enrico/Projects/prolog_planner/python_interface/../exps/multi-steps/arch/1/4o/kb/kb_ll_correct.pl,3.1417036056518555
/home/enrico/Projects/prolog_planner/python_interface/../exps/multi-steps/arch/1/4o/kb/kb_ll_correct.pl,3.5964932441711426
/home/enrico/Projects/prolog_planner/python_interface/../exps/multi-steps/arch/1/4o/kb/kb_ll_correct.pl,3.559239149093628
/home/enrico/Projects/prolog_planner/python_interface/../exps/multi-steps/arch/1/4o/kb/kb_ll_correct.pl,3.3699443340301514
/home/enrico/Projects/prolog_planner/python_interface/../exps/multi-steps/arch/1/4o/kb/kb_ll_correct.pl,3.308809280395508
/home/enrico/Projects/prolog_planner/python_interface/../exps/multi-steps/arch/1/4o/kb/kb_ll_correct.pl,3.5415494441986084
/home/enrico/Projects/prolog_planner/python_interface/../exps/multi-steps/arch/1/4o/kb/kb_ll_correct.pl,3.420605182647705
/home/enrico/Projects/prolog_planner/python_interface/../exps/multi-steps/arch/1/4o/kb/kb_ll_correct.pl,3.686332941055298
/home/enrico/Projects/prolog_planner/python_interface/../exps/multi-steps/arch/1/4o/kb/kb_ll_correct.pl,3.1702077388763428
/home/enrico/Projects/prolog_planner/python_interface/../exps/multi-steps/arch/1/4o/kb/kb_ll_correct.pl,3.5329833030700684
/home/enrico/Projects/prolog_planner/python_interface/../exps/multi-steps/arch/1/4o/kb/kb_ll_correct.pl,3.3746449947357178
/home/enrico/Projects/prolog_planner/python_interface/../exps/multi-steps/arch/1/4o/kb/kb_ll_correct.pl,3.1806418895721436
/home/enrico/Projects/prolog_planner/python_interface/../exps/multi-steps/arch/1/4o/kb/kb_ll_correct.pl,3.48396897315979
/home/enrico/Projects/prolog_planner/python_interface/../exps/multi-steps/arch/1/4o/kb/kb_ll_correct.pl,3.547422409057617
/home/enrico/Projects/prolog_planner/python_interface/../exps/multi-steps/arch/1/4o/kb/kb_ll_correct.pl,3.447058916091919
/home/enrico/Projects/prolog_planner/python_interface/../exps/multi-steps/arch/1/4o/kb/kb_ll_correct.pl,3.296088218688965
/home/enrico/Projects/prolog_planner/python_interface/../exps/multi-steps/arch/1/4o/kb/kb_ll_correct.pl,3.57138729095459
/home/enrico/Projects/prolog_planner/python_interface/../exps/multi-steps/arch/1/4o/kb/kb_ll_correct.pl,3.323807716369629
/home/enrico/Projects/prolog_planner/python_interface/../exps/multi-steps/arch/1/4o/kb/kb_ll_correct.pl,3.251805067062378
/home/enrico/Projects/prolog_planner/python_interface/../exps/multi-steps/arch/1/4o/kb/kb_ll_correct.pl,3.342395305633545
/home/enrico/Projects/prolog_planner/python_interface/../exps/multi-steps/arch/1/4o/kb/kb_ll_correct.pl,3.339139223098755
/home/enrico/Projects/prolog_planner/python_interface/../exps/multi-steps/arch/1/4o/kb/kb_ll_correct.pl,3.5259311199188232
/home/enrico/Projects/prolog_planner/python_interface/../exps/multi-steps/arch/1/4o/kb/kb_ll_correct.pl,3.2692172527313232
/home/enrico/Projects/prolog_planner/python_interface/../exps/multi-steps/arch/1/4o/kb/kb_ll_correct.pl,3.5574288368225098
/home/enrico/Projects/prolog_planner/python_interface/../exps/multi-steps/arch/1/4o/kb/kb_ll_correct.pl,3.3541386127471924
/home/enrico/Projects/prolog_planner/python_interface/../exps/multi-steps/arch/1/4o/kb/kb_ll_correct.pl,3.222517490386963
/home/enrico/Projects/prolog_planner/python_interface/../exps/multi-steps/arch/1/4o/kb/kb_ll_correct.pl,3.78702712059021
/home/enrico/Projects/prolog_planner/python_interface/../exps/multi-steps/arch/1/4o/kb/kb_ll_correct.pl,3.4780869483947754
/home/enrico/Projects/prolog_planner/python_interface/../exps/multi-steps/arch/1/4o/kb/kb_ll_correct.pl,3.574328660964966
/home/enrico/Projects/prolog_planner/python_interface/../exps/multi-steps/arch/1/4o/kb/kb_ll_correct.pl,3.777540922164917
/home/enrico/Projects/prolog_planner/python_interface/../exps/multi-steps/arch/1/4o/kb/kb_ll_correct.pl,3.4230942726135254
/home/enrico/Projects/prolog_planner/python_interface/../exps/multi-steps/arch/1/4o/kb/kb_ll_correct.pl,3.280339241027832
/home/enrico/Projects/prolog_planner/python_interface/../exps/multi-steps/arch/1/4o/kb/kb_ll_correct.pl,3.6300556659698486
/home/enrico/Projects/prolog_planner/python_interface/../exps/multi-steps/arch/1/4o/kb/kb_ll_correct.pl,3.505131721496582
/home/enrico/Projects/prolog_planner/python_interface/../exps/multi-steps/arch/1/4o/kb/kb_ll_correct.pl,3.639435291290283
/home/enrico/Projects/prolog_planner/python_interface/../exps/multi-steps/arch/1/4o/kb/kb_ll_correct.pl,3.1699271202087402
/home/enrico/Projects/prolog_planner/python_interface/../exps/multi-steps/arch/1/4o/kb/kb_ll_correct.pl,3.5817372798919678
/home/enrico/Projects/prolog_planner/python_interface/../exps/multi-steps/arch/1/4o/kb/kb_ll_correct.pl,3.606334924697876
/home/enrico/Projects/prolog_planner/python_interface/../exps/multi-steps/arch/1/4o/kb/kb_ll_correct.pl,3.3827645778656006
/home/enrico/Projects/prolog_planner/python_interface/../exps/multi-steps/arch/1/4o/kb/kb_ll_correct.pl,3.3794453144073486
/home/enrico/Projects/prolog_planner/python_interface/../exps/multi-steps/arch/1/4o/kb/kb_ll_correct.pl,3.218277931213379
/home/enrico/Projects/prolog_planner/python_interface/../exps/multi-steps/arch/2/4o/kb/kb_ll_correct.pl,0.9413399696350098
/home/enrico/Projects/prolog_planner/python_interface/../exps/multi-steps/arch/2/4o/kb/kb_ll_correct.pl,0.9614968299865723
/home/enrico/Projects/prolog_planner/python_interface/../exps/multi-steps/arch/2/4o/kb/kb_ll_correct.pl,0.9962160587310791
/home/enrico/Projects/prolog_planner/python_interface/../exps/multi-steps/arch/2/4o/kb/kb_ll_correct.pl,1.0816826820373535
/home/enrico/Projects/prolog_planner/python_interface/../exps/multi-steps/arch/2/4o/kb/kb_ll_correct.pl,1.0108771324157715
/home/enrico/Projects/prolog_planner/python_interface/../exps/multi-steps/arch/2/4o/kb/kb_ll_correct.pl,1.096285343170166
/home/enrico/Projects/prolog_planner/python_interface/../exps/multi-steps/arch/2/4o/kb/kb_ll_correct.pl,0.9735608100891113
/home/enrico/Projects/prolog_planner/python_interface/../exps/multi-steps/arch/2/4o/kb/kb_ll_correct.pl,1.0439958572387695
/home/enrico/Projects/prolog_planner/python_interface/../exps/multi-steps/arch/2/4o/kb/kb_ll_correct.pl,0.9700686931610107
/home/enrico/Projects/prolog_planner/python_interface/../exps/multi-steps/arch/2/4o/kb/kb_ll_correct.pl,0.9554977416992188
/home/enrico/Projects/prolog_planner/python_interface/../exps/multi-steps/arch/2/4o/kb/kb_ll_correct.pl,0.994481086730957
/home/enrico/Projects/prolog_planner/python_interface/../exps/multi-steps/arch/2/4o/kb/kb_ll_correct.pl,0.9673926830291748
/home/enrico/Projects/prolog_planner/python_interface/../exps/multi-steps/arch/2/4o/kb/kb_ll_correct.pl,1.047607660293579
/home/enrico/Projects/prolog_planner/python_interface/../exps/multi-steps/arch/2/4o/kb/kb_ll_correct.pl,1.0536377429962158
/home/enrico/Projects/prolog_planner/python_interface/../exps/multi-steps/arch/2/4o/kb/kb_ll_correct.pl,1.1453187465667725
/home/enrico/Projects/prolog_planner/python_interface/../exps/multi-steps/arch/2/4o/kb/kb_ll_correct.pl,1.0863556861877441
/home/enrico/Projects/prolog_planner/python_interface/../exps/multi-steps/arch/2/4o/kb/kb_ll_correct.pl,0.9874951839447021
/home/enrico/Projects/prolog_planner/python_interface/../exps/multi-steps/arch/2/4o/kb/kb_ll_correct.pl,0.9972491264343262
/home/enrico/Projects/prolog_planner/python_interface/../exps/multi-steps/arch/2/4o/kb/kb_ll_correct.pl,0.916862964630127
/home/enrico/Projects/prolog_planner/python_interface/../exps/multi-steps/arch/2/4o/kb/kb_ll_correct.pl,0.9658493995666504
/home/enrico/Projects/prolog_planner/python_interface/../exps/multi-steps/arch/2/4o/kb/kb_ll_correct.pl,0.9292545318603516
/home/enrico/Projects/prolog_planner/python_interface/../exps/multi-steps/arch/2/4o/kb/kb_ll_correct.pl,1.035484790802002
/home/enrico/Projects/prolog_planner/python_interface/../exps/multi-steps/arch/2/4o/kb/kb_ll_correct.pl,1.0356550216674805
/home/enrico/Projects/prolog_planner/python_interface/../exps/multi-steps/arch/2/4o/kb/kb_ll_correct.pl,0.9338147640228271
/home/enrico/Projects/prolog_planner/python_interface/../exps/multi-steps/arch/2/4o/kb/kb_ll_correct.pl,1.086771011352539
/home/enrico/Projects/prolog_planner/python_interface/../exps/multi-steps/arch/2/4o/kb/kb_ll_correct.pl,1.0904929637908936
/home/enrico/Projects/prolog_planner/python_interface/../exps/multi-steps/arch/2/4o/kb/kb_ll_correct.pl,0.9598462581634521
/home/enrico/Projects/prolog_planner/python_interface/../exps/multi-steps/arch/2/4o/kb/kb_ll_correct.pl,0.9743311405181885
/home/enrico/Projects/prolog_planner/python_interface/../exps/multi-steps/arch/2/4o/kb/kb_ll_correct.pl,1.0027260780334473
/home/enrico/Projects/prolog_planner/python_interface/../exps/multi-steps/arch/2/4o/kb/kb_ll_correct.pl,0.8316261768341064
/home/enrico/Projects/prolog_planner/python_interface/../exps/multi-steps/arch/2/4o/kb/kb_ll_correct.pl,1.014007329940796
/home/enrico/Projects/prolog_planner/python_interface/../exps/multi-steps/arch/2/4o/kb/kb_ll_correct.pl,0.9859423637390137
/home/enrico/Projects/prolog_planner/python_interface/../exps/multi-steps/arch/2/4o/kb/kb_ll_correct.pl,1.0493407249450684
/home/enrico/Projects/prolog_planner/python_interface/../exps/multi-steps/arch/2/4o/kb/kb_ll_correct.pl,1.2065019607543945
/home/enrico/Projects/prolog_planner/python_interface/../exps/multi-steps/arch/2/4o/kb/kb_ll_correct.pl,1.0154869556427002
/home/enrico/Projects/prolog_planner/python_interface/../exps/multi-steps/arch/2/4o/kb/kb_ll_correct.pl,0.9627232551574707
/home/enrico/Projects/prolog_planner/python_interface/../exps/multi-steps/arch/2/4o/kb/kb_ll_correct.pl,1.029134750366211
/home/enrico/Projects/prolog_planner/python_interface/../exps/multi-steps/arch/2/4o/kb/kb_ll_correct.pl,0.8494439125061035
/home/enrico/Projects/prolog_planner/python_interface/../exps/multi-steps/arch/2/4o/kb/kb_ll_correct.pl,0.9394278526306152
/home/enrico/Projects/prolog_planner/python_interface/../exps/multi-steps/arch/2/4o/kb/kb_ll_correct.pl,1.0145223140716553
/home/enrico/Projects/prolog_planner/python_interface/../exps/multi-steps/arch/2/4o/kb/kb_ll_correct.pl,0.8860476016998291
/home/enrico/Projects/prolog_planner/python_interface/../exps/multi-steps/arch/2/4o/kb/kb_ll_correct.pl,1.0799214839935303
/home/enrico/Projects/prolog_planner/python_interface/../exps/multi-steps/arch/2/4o/kb/kb_ll_correct.pl,1.0187392234802246
/home/enrico/Projects/prolog_planner/python_interface/../exps/multi-steps/arch/2/4o/kb/kb_ll_correct.pl,1.0396792888641357
/home/enrico/Projects/prolog_planner/python_interface/../exps/multi-steps/arch/2/4o/kb/kb_ll_correct.pl,1.1319856643676758
/home/enrico/Projects/prolog_planner/python_interface/../exps/multi-steps/arch/2/4o/kb/kb_ll_correct.pl,1.0275249481201172
/home/enrico/Projects/prolog_planner/python_interface/../exps/multi-steps/arch/2/4o/kb/kb_ll_correct.pl,1.0032994747161865
/home/enrico/Projects/prolog_planner/python_interface/../exps/multi-steps/arch/2/4o/kb/kb_ll_correct.pl,1.0010673999786377
/home/enrico/Projects/prolog_planner/python_interface/../exps/multi-steps/arch/2/4o/kb/kb_ll_correct.pl,0.9035143852233887
/home/enrico/Projects/prolog_planner/python_interface/../exps/multi-steps/arch/2/4o/kb/kb_ll_correct.pl,1.0245287418365479
